"gene_id","hugo_symbol","entrez_gene_id","mean_classical_expression","mean_proneural_expression","classical_sample_count","proneural_sample_count","log2_fold_change","expression_direction"
"3229","IL31RA","133396","195.30769231","1.89655172","39","29","6.082636470050543","Higher in Classical"
"4914","OR4N2","390429","0.56410256","35.68965517","39","29","-4.551966325362951","Higher in Proneural"
"3635","KRT13","3860","0.33333333","27.82758621","39","29","-4.434340641430449","Higher in Proneural"
"304","ALX1","8092","0.51282051","30.65517241","39","29","-4.387128520292195","Higher in Proneural"
"4720","NTRK1","4914","400.66666667","20.72413793","39","29","4.208627907217143","Higher in Classical"
"7317","TMPRSS2","7113","292.00000000","15.37931034","39","29","4.160954146756729","Higher in Classical"
"3612","KLRC2","3822","26.99307692","408.32931034","39","29","-3.8701199980576466","Higher in Proneural"
"6452","SLC18A3","6572","8.48717949","130.68965517","39","29","-3.795018967375892","Higher in Proneural"
"6374","SHH","6469","129.10256410","9.68965517","39","29","3.605362175352369","Higher in Classical"
"713","BMP3","651","1.71794872","31.65517241","39","29","-3.586721383390495","Higher in Proneural"
"2820","GPRIN2","9721","2.69230769","43.10344828","39","29","-3.57829677221364","Higher in Proneural"
"4695","NRK","203447","23.41025641","1.06896552","39","29","3.5605059420260483","Higher in Classical"
"6720","SOX10","6663","644.23076923","7543.27586207","39","29","-3.54749528690525","Higher in Proneural"
"587","ATP6V0A4","50617","7.15384615","93.86206897","39","29","-3.540278693513148","Higher in Proneural"
"1868","DMRT1","1761","2.35897436","33.89655172","39","29","-3.376991796281231","Higher in Proneural"
"3801","LHX5","64211","1.92307692","29.10344828","39","29","-3.3643690549114402","Higher in Proneural"
"7127","TEX11","56159","0.41025641","13.20689655","39","29","-3.3325620374845255","Higher in Proneural"
"5679","PRSS48","345062","1.07692308","19.68965517","39","29","-3.316389909040937","Higher in Proneural"
"7201","TJP3","27134","1.48717949","22.68965517","39","29","-3.251674668578209","Higher in Proneural"
"5202","PCDHGB4","8641","20.11256410","191.97344828","39","29","-3.192228648656375","Higher in Proneural"
"689","BEND4","389206","6.64102564","68.37931034","39","29","-3.1826672931766624","Higher in Proneural"
"5190","PCDHGA12","26025","980.95128205","110.83689655","39","29","3.134255217395042","Higher in Classical"
"3976","MAGEC2","51438","0.71794872","13.93103448","39","29","-3.1195552460167386","Higher in Proneural"
"2389","FCAMR","83953","15.28205128","0.93103448","39","29","3.0758366377465385","Higher in Classical"
"2639","GCSAML","148823","26.30769231","2.24137931","39","29","3.074627639976241","Higher in Classical"
"4501","NDST4","64579","0.66666667","13.00000000","39","29","-3.0703893250025454","Higher in Proneural"
"4638","NOS2","4843","3063.25743590","371.17310345","39","29","3.041491804500893","Higher in Classical"
"146","ADAM29","11086","0.28205128","9.51724138","39","29","-3.0362304688190136","Higher in Proneural"
"4791","OLIG3","167826","0.82051282","13.72413793","39","29","-3.015766364159322","Higher in Proneural"
"986","CAPN6","827","80.46153846","9.31034483","39","29","2.9820264764158","Higher in Classical"
"6585","SLC6A3","6531","0.35897436","9.41379310","39","29","-2.93790550693008","Higher in Proneural"
"2901","HABP2","3026","71.36282051","8.74241379","39","29","2.892897476218218","Higher in Classical"
"7654","UGT2B7","7364","0.05128205","6.68965517","39","29","-2.8707691203406713","Higher in Proneural"
"1716","DAO","1610","91.10256410","11.86206897","39","29","2.840118590208248","Higher in Classical"
"8151","ZNF676","163223","0.94871795","12.51724138","39","29","-2.794203553526391","Higher in Proneural"
"1304","CHODL","140578","706.69230769","103.13793103","39","29","2.7646265886631096","Higher in Classical"
"2049","EGFR","1956","56668.36769231","8610.63551724","39","29","2.7182099405460427","Higher in Classical"
"2574","GABRE","2564","577.58974359","87.58620690","39","29","2.7073867594088243","Higher in Classical"
"6397","SIM1","6492","0.25641026","7.13793103","39","29","-2.6953544240644054","Higher in Proneural"
"3156","IFNG","3458","10.28205128","0.82758621","39","29","2.6260180325146423","Higher in Classical"
"5911","REG1B","5968","6.20512821","0.17241379","39","29","2.6195422600301894","Higher in Classical"
"4636","NOS1","4842","7.46153846","50.65517241","39","29","-2.6099209181005056","Higher in Proneural"
"613","AVIL","10677","3497.79487179","577.31034483","39","29","2.5969422699458136","Higher in Classical"
"2200","ESRP1","54845","2.69230769","21.24137931","39","29","-2.5906515734858693","Higher in Proneural"
"4668","NPR3","4883","4.38461538","31.13793103","39","29","-2.5773618517599792","Higher in Proneural"
"6375","SHISA2","387914","7.05128205","46.65517241","39","29","-2.565342375349544","Higher in Proneural"
"4053","MATN4","8785","10.64102564","67.79310345","39","29","-2.5630457677183354","Higher in Proneural"
"4541","NEUROG2","63973","6.07692308","40.06896552","39","29","-2.536854464287377","Higher in Proneural"
"8171","ZNF727","442319","3.38461538","24.37931034","39","29","-2.5331306661535646","Higher in Proneural"
"3613","KLRC3","3823","39.46846154","232.73965517","39","29","-2.530032606456439","Higher in Proneural"
"7223","TLX3","30012","0.07692308","5.10344828","39","29","-2.5027093478963005","Higher in Proneural"
"754","BRS3","680","1.02564103","10.37931034","39","29","-2.489962686090524","Higher in Proneural"
"5243","PDGFRA","5156","7665.48589744","42751.25482759","39","29","-2.4793631689040834","Higher in Proneural"
"1673","CYP27B1","1594","241.35897436","1322.06896552","39","29","-2.4486708541963136","Higher in Proneural"
"3587","KLHDC7A","127707","28.43589744","4.44827586","39","29","2.4337049555127934","Higher in Classical"
"212","AFF2","2334","34.94871795","190.82758621","39","29","-2.4157979799513134","Higher in Proneural"
"2015","ECEL1","9427","20.71794872","114.79310345","39","29","-2.4145895792240015","Higher in Proneural"
"4091","MDGA2","161357","41.76923077","225.79310345","39","29","-2.406731605211539","Higher in Proneural"
"5149","PCDH11X","27328","40.97435897","220.86206897","39","29","-2.402082838089442","Higher in Proneural"
"973","CAMKV","79012","243.74358974","1290.06896552","39","29","-2.3992230889468735","Higher in Proneural"
"2199","ESR2","2100","141.41025641","26.06896552","39","29","2.3953413941555746","Higher in Classical"
"1271","CFHR5","81494","6.94871795","0.51724138","39","29","2.389271562479077","Higher in Classical"
"4500","NDST3","9348","19.89743590","105.93103448","39","29","-2.3552827850145848","Higher in Proneural"
"3712","L1CAM","3897","481.30769231","2411.96551724","39","29","-2.322781573808417","Higher in Proneural"
"6446","SLC17A6","57084","36.82051282","188.20689655","39","29","-2.3227238450733836","Higher in Proneural"
"3961","MAG","4099","754.53846154","3759.03448276","39","29","-2.3151687883248657","Higher in Proneural"
"1584","CSMD3","114788","37.53846154","190.44827586","39","29","-2.312583782320557","Higher in Proneural"
"7321","TMSB15A","11013","199.69230769","992.65517241","39","29","-2.307759960114642","Higher in Proneural"
"2787","GPR17","2840","755.00000000","3717.01034483","39","29","-2.2980726447976125","Higher in Proneural"
"1520","CPNE8","144402","623.69230769","127.24137931","39","29","2.2842839173091463","Higher in Classical"
"5894","RBP3","5949","2.89743590","17.86206897","39","29","-2.2748907324767043","Higher in Proneural"
"6780","SPHKAP","80309","38.58974359","190.51724138","39","29","-2.274275648280232","Higher in Proneural"
"7380","TP63","8626","69.97435897","13.79310345","39","29","2.2623731661456508","Higher in Classical"
"6208","SCN10A","6336","0.23076923","4.89655172","39","29","-2.260311237789179","Higher in Proneural"
"1695","CYP4F3","4051","107.74358974","21.72413793","39","29","2.258632888871796","Higher in Classical"
"1463","COL23A1","91522","317.58974359","65.72413793","39","29","2.2554191565940855","Higher in Classical"
"4399","MYO18B","84700","21.69230769","3.75862069","39","29","2.2535879642061443","Higher in Classical"
"2402","FCRLA","84824","37.41025641","182.03448276","39","29","-2.252551970668131","Higher in Proneural"
"3268","INSC","387755","2.84615385","17.10344828","39","29","-2.2347761446800622","Higher in Proneural"
"5150","PCDH11Y","83259","8.15384615","41.96551724","39","29","-2.230729313290743","Higher in Proneural"
"5195","PCDHGA6","56109","469.89717949","99.35551724","39","29","2.230292147572401","Higher in Classical"
"297","ALPK2","115701","29.69230769","141.89655172","39","29","-2.2190220745442404","Higher in Proneural"
"2997","HIST1H3J","8356","1.89743590","12.20689655","39","29","-2.188442841782549","Higher in Proneural"
"4675","NPY5R","4889","6.87179487","34.86206897","39","29","-2.1876941919029034","Higher in Proneural"
"5321","PHKG1","5260","2600.20512821","571.27586207","39","29","2.184397511045732","Higher in Classical"
"4536","NETO1","81832","62.74358974","288.58620690","39","29","-2.183640715617297","Higher in Proneural"
"2151","EPHB1","2047","714.61538462","3241.79310345","39","29","-2.1799806714200796","Higher in Proneural"
"6616","SLCO5A1","81796","20.12820513","94.34482759","39","29","-2.173984461609915","Higher in Proneural"
"2246","F5","2153","28.66666667","132.68965517","39","29","-2.1719730941914515","Higher in Proneural"
"799","C12orf66","144577","205.89743590","921.55172414","39","29","-2.156714034286656","Higher in Proneural"
"7884","XKR7","343702","5.56410256","28.24137931","39","29","-2.155341679185615","Higher in Proneural"
"3076","HRH3","11255","26.48717949","120.75862069","39","29","-2.1471931388926944","Higher in Proneural"
"6218","SCN5A","6331","11.66666667","54.72413793","39","29","-2.137265474496247","Higher in Proneural"
"2250","FA2H","79152","165.12820513","728.10344828","39","29","-2.133826490900258","Higher in Proneural"
"7046","TAT","6898","21.20512821","4.06896552","39","29","2.131129645687148","Higher in Classical"
"1281","CHAT","1103","1.02564103","7.86206897","39","29","-2.129265022377848","Higher in Proneural"
"3616","KLRK1","22914","41.46538462","184.06655172","39","29","-2.1236849491225906","Higher in Proneural"
"5917","REN","5972","5.58974359","0.51724138","39","29","2.118771706222306","Higher in Classical"
"7786","VSTM2A","222008","1523.04820513","350.81241379","39","29","2.1150302408296144","Higher in Classical"
"1432","CNTN3","5067","30.94871795","137.00000000","39","29","-2.1108383225587937","Higher in Proneural"
"6684","SNTG2","54221","1.74358974","10.82758621","39","29","-2.1080190057700117","Higher in Proneural"
"6560","SLC4A1","6521","3.30769231","17.44827586","39","29","-2.0984988813107956","Higher in Proneural"
"4269","MRGPRX4","117196","3.28205128","0.00000000","39","29","2.0983020729206925","Higher in Classical"
"6266","SEMA3C","10512","216.00000000","928.13793103","39","29","-2.0981977386987256","Higher in Proneural"
"4673","NPY2R","4887","235.00000000","54.51724138","39","29","2.087779071469571","Higher in Classical"
"1224","CEACAM7","1087","0.02564103","3.34482759","39","29","-2.082773047477764","Higher in Proneural"
"2846","GRIN2B","2904","4.53846154","22.41379310","39","29","-2.0798014852026427","Higher in Proneural"
"1449","COL11A1","1301","423.20512821","1789.55172414","39","29","-2.077570227968187","Higher in Proneural"
"7137","TFAP2B","7021","39.66666667","169.68965517","39","29","-2.069456977746716","Higher in Proneural"
"7967","ZFP57","346171","6.33333333","29.72413793","39","29","-2.066831509082748","Higher in Proneural"
"1861","DLK1","8788","36.51282051","155.24137931","39","29","-2.0583209452127975","Higher in Proneural"
"6625","SLITRK1","114798","206.46153846","856.20689655","39","29","-2.046799558771751","Higher in Proneural"
"3424","KCNG4","93107","22.07692308","4.58620690","39","29","2.046509963899576","Higher in Classical"
"2584","GAL3ST1","9514","122.58974359","506.51724138","39","29","-2.037897811897261","Higher in Proneural"
"4127","METTL1","4234","1269.66666667","5138.93103448","39","29","-2.0161633835187613","Higher in Proneural"
"1675","CYP2B6","1555","3.46153846","0.10344828","39","29","2.015522266206557","Higher in Classical"
"5171","PCDHA9","9752","18.69461538","78.49965517","39","29","-2.0131473601644494","Higher in Proneural"
"3672","KRT86","3892","3.94871795","18.93103448","39","29","-2.009889868396687","Higher in Proneural"
"8189","ZNF804A","91752","66.41025641","266.44827586","39","29","-1.9882198852205002","Higher in Proneural"
"8108","ZNF536","9745","94.79487179","377.89655172","39","29","-1.983783679157469","Higher in Proneural"
"4763","NYAP2","57624","2.89743590","14.41379310","39","29","-1.9836247302027636","Higher in Proneural"
"3875","LRP2","4036","69.58974359","278.03448276","39","29","-1.9829129336997238","Higher in Proneural"
"7564","TUBB4A","10382","3691.07692308","14554.24137931","39","29","-1.9790342484000354","Higher in Proneural"
"562","ATP10B","23120","218.43589744","863.72413793","39","29","-1.9784404062703682","Higher in Proneural"
"3975","MAGEC1","9947","0.53846154","5.03448276","39","29","-1.9717417388440046","Higher in Proneural"
"5538","POU4F2","5458","2.64102564","13.27586207","39","29","-1.9711610622400992","Higher in Proneural"
"1729","DCAF12L2","340578","1.10256410","7.20689655","39","29","-1.9646869838804957","Higher in Proneural"
"6861","ST18","9705","114.30769231","444.82758621","39","29","-1.9509971280867084","Higher in Proneural"
"4606","NLRP7","199713","3.79487179","0.24137931","39","29","1.9495482336455427","Higher in Classical"
"5212","PCK1","5105","3.20512821","15.24137931","39","29","-1.9494524670298046","Higher in Proneural"
"4457","NAT16","375607","118.15384615","458.72413793","39","29","-1.947942896378781","Higher in Proneural"
"2644","GDF3","9573","7.74358974","1.27586207","39","29","1.9418125846830683","Higher in Classical"
"1457","COL19A1","1310","8.02564103","33.44827586","39","29","-1.9323304721075025","Higher in Proneural"
"3826","LIPF","8513","1.79487179","9.62068966","39","29","-1.9260234428242524","Higher in Proneural"
"4366","MYB","4602","27.00000000","104.86206897","39","29","-1.9186870231351727","Higher in Proneural"
"6339","SFTPC","6440","10.64102564","43.00000000","39","29","-1.918285350338219","Higher in Proneural"
"1512","CPB1","1360","2.07692308","10.62068966","39","29","-1.917135408464027","Higher in Proneural"
"3790","LGR6","59352","937.76923077","248.03448276","39","29","1.914425036609872","Higher in Classical"
"1942","DPPA4","55211","10.28205128","41.13793103","39","29","-1.901090080136087","Higher in Proneural"
"1961","DSCAML1","57453","267.00000000","998.65517241","39","29","-1.899197527357608","Higher in Proneural"
"3224","IL26","55801","0.12820513","3.20689655","39","29","-1.8987269397723447","Higher in Proneural"
"1087","CCL4","6351","106.76923077","399.96551724","39","29","-1.8955328387026795","Higher in Proneural"
"541","ATCAY","85300","2031.61538462","7561.37931034","39","29","-1.8955029616887196","Higher in Proneural"
"2428","FGFR3","2261","10247.82051282","2764.06896552","39","29","1.8900705172018644","Higher in Classical"
"7353","TNNT1","7138","20.33333333","77.37931034","39","29","-1.8773634745478405","Higher in Proneural"
"2026","EDIL3","10085","310.71794872","1142.62068966","39","29","-1.8752954927929335","Higher in Proneural"
"893","C6orf15","29113","265.02564103","71.58620690","39","29","1.873797974275754","Higher in Classical"
"2500","FOXP2","93986","27.69230769","103.75862069","39","29","-1.868333057382996","Higher in Proneural"
"5242","PDGFD","80310","909.87179487","249.17241379","39","29","1.8643252950744236","Higher in Classical"
"3640","KRT18","3875","173.33256410","47.02896552","39","29","1.859865439657365","Higher in Classical"
"6228","SCUBE3","222663","21.48717949","80.55172414","39","29","-1.8586126593734222","Higher in Proneural"
"6152","RYR3","6263","1056.12820513","291.65517241","39","29","1.8528766704657387","Higher in Classical"
"2592","GALNT13","114805","460.23076923","1652.41379310","39","29","-1.8418871620548634","Higher in Proneural"
"2623","GBP4","115361","1662.30769231","465.03448276","39","29","1.8355464632475802","Higher in Classical"
"2632","GCG","2641","0.10256410","2.93103448","39","29","-1.8340464855398333","Higher in Proneural"
"7762","VOPP1","81552","15708.12820513","4415.37931034","39","29","1.8306671273986561","Higher in Classical"
"8018","ZNF208","7757","6.92307692","27.17241379","39","29","-1.8301504643772926","Higher in Proneural"
"3902","LRRC52","440699","10.74358974","2.31034483","39","29","1.8268200621483173","Higher in Classical"
"5854","RASEF","158158","55.30769231","15.03448276","39","29","1.8121542092100658","Higher in Classical"
"6195","SCARA5","286133","31.89743590","8.37931034","39","29","1.8104213909597704","Higher in Classical"
"935","CACNA1E","777","116.38461538","408.65517241","39","29","-1.8031666919121114","Higher in Proneural"
"3465","KCTD16","57528","33.28205128","117.44827586","39","29","-1.7887318574088542","Higher in Proneural"
"1409","CMYA5","202333","809.69230769","234.55172414","39","29","1.7831105620553673","Higher in Classical"
"4185","MKX","283078","59.46153846","16.58620690","39","29","1.7815733420665723","Higher in Classical"
"313","AMER3","205147","37.33333333","129.86206897","39","29","-1.7713756251258574","Higher in Proneural"
"3121","HYAL4","23553","0.38461538","3.72413793","39","29","-1.7705658090224572","Higher in Proneural"
"6450","SLC18A1","6570","18.69230769","66.06896552","39","29","-1.7680131631145601","Higher in Proneural"
"2851","GRIP1","23426","10.15384615","36.89655172","39","29","-1.7645253042861362","Higher in Proneural"
"5730","PTH2R","5746","6.28205128","23.51724138","39","29","-1.751379854297967","Higher in Proneural"
"1945","DPT","1805","4.05128205","16.00000000","39","29","-1.7508132410238058","Higher in Proneural"
"2145","EPHA10","284656","53.02564103","180.58620690","39","29","-1.748938430876089","Higher in Proneural"
"874","C3orf67","200844","6.41025641","23.86206897","39","29","-1.7463509907843546","Higher in Proneural"
"6584","SLC6A20","54716","31.61538462","8.72413793","39","29","1.7459103795083388","Higher in Classical"
"1663","CYP11A1","1583","45.51282051","12.93103448","39","29","1.7393260342404553","Higher in Classical"
"7210","TLL1","7092","9.30769231","33.34482759","39","29","-1.7363714644599508","Higher in Proneural"
"2937","HDC","3067","25.58974359","7.00000000","39","29","1.7327979599648895","Higher in Classical"
"5237","PDE4C","5143","56.92307692","191.48275862","39","29","-1.73251907747808","Higher in Proneural"
"6341","SGCD","6444","88.53846154","296.51724138","39","29","-1.7323938412424171","Higher in Proneural"
"6467","SLC22A2","6582","4.94871795","0.79310345","39","29","1.7301200521754367","Higher in Classical"
"330","ANGPT1","284","740.84615385","223.24137931","39","29","1.726067504158436","Higher in Classical"
"7788","VTCN1","79679","6.20512821","22.68965517","39","29","-1.7171611912107387","Higher in Proneural"
"465","ARHGEF25","115557","2463.88102564","8051.02724138","39","29","-1.7078340405683423","Higher in Proneural"
"220","AGAP2-AS1","100130776","1209.71461538","3951.53793103","39","29","-1.7069204686330952","Higher in Proneural"
"5704","PSORS1C1","170679","53.38461538","15.72413793","39","29","1.7012667446880223","Higher in Classical"
"6014","RNF165","494470","202.32717949","659.72034483","39","29","-1.7002366902971908","Higher in Proneural"
"6555","SLC45A3","85414","119.20666667","389.18241379","39","29","-1.6986318443663175","Higher in Proneural"
"6219","SCN7A","6332","338.82051282","104.03448276","39","29","1.6939098999426003","Higher in Classical"
"7511","TSPAN31","6302","8356.69230769","27034.93103448","39","29","-1.6937014879982095","Higher in Proneural"
"6568","SLC5A11","115584","53.15384615","173.37931034","39","29","-1.687093167565985","Higher in Proneural"
"1189","CDH7","1005","5.28205128","19.20689655","39","29","-1.6855401395038954","Higher in Proneural"
"1585","CSN1S1","1446","4.07692308","0.58620690","39","29","1.6783734380260356","Higher in Classical"
"4664","NPNT","255743","4100.07692308","1282.06896552","39","29","1.6764040862581369","Higher in Classical"
"1379","CLGN","1047","107.02564103","344.13793103","39","29","-1.6757992442407317","Higher in Proneural"
"1207","CDKN2A","1029","621.94871795","1986.34482759","39","29","-1.673656910300158","Higher in Proneural"
"2498","FOXN4","121643","29.48717949","95.86206897","39","29","-1.6677291330471815","Higher in Proneural"
"1535","CPZ","8532","117.74358974","36.44827586","39","29","1.664878430200769","Higher in Classical"
"3248","INA","9118","365.64102564","1155.41379310","39","29","-1.6572175900100965","Higher in Proneural"
"6369","SHANK2","22941","154.98666667","489.82896552","39","29","-1.6537976733709958","Higher in Proneural"
"1573","CSDC2","27254","322.35897436","1015.51724138","39","29","-1.6524261293013012","Higher in Proneural"
"6500","SLC27A2","11001","3.41025641","12.82758621","39","29","-1.6486148958951938","Higher in Proneural"
"650","BASP1","10409","1120.48717949","3506.79310345","39","29","-1.6451505292389013","Higher in Proneural"
"5152","PCDH15","65217","232.41025641","728.82758621","39","29","-1.644687726607329","Higher in Proneural"
"5084","PABPC5","140886","45.94871795","145.58620690","39","29","-1.6425916915724794","Higher in Proneural"
"983","CAPN13","92291","0.61538462","4.03448276","39","29","-1.639965855389203","Higher in Proneural"
"1511","CPAMD8","27151","151.82051282","48.24137931","39","29","1.633895127590786","Higher in Classical"
"1318","CHRNB4","1143","20.79487179","6.03448276","39","29","1.6314724647137444","Higher in Classical"
"3733","LANCL2","55915","20697.23076923","6720.75862069","39","29","1.6225968138822184","Higher in Classical"
"244","AIFM3","150209","335.35307692","108.44517241","39","29","1.619768136715009","Higher in Classical"
"1180","CDH18","1016","31.79487179","99.75862069","39","29","-1.619361137877663","Higher in Proneural"
"2468","FMOD","2331","5619.74358974","1829.06896552","39","29","1.618862985735178","Higher in Classical"
"5856","RASGRP1","10125","953.92307692","310.20689655","39","29","1.6175104909091542","Higher in Classical"
"2706","GLP1R","2740","1.66666667","7.17241379","39","29","-1.615724752138938","Higher in Proneural"
"5979","RIMS2","9699","44.41025641","137.44827586","39","29","-1.608256999375011","Higher in Proneural"
"5949","RGR","5995","48.92307692","151.00000000","39","29","-1.6062925636758443","Higher in Proneural"
"1349","CLCA4","22802","14.35897436","45.62068966","39","29","-1.601888467279512","Higher in Proneural"
"3608","KLK6","5653","305.17948718","925.41379310","39","29","-1.5972791021554071","Higher in Proneural"
"1435","CNTN6","27255","11.33333333","36.27586207","39","29","-1.5956789481300466","Higher in Proneural"
"4672","NPTX2","4885","3081.41025641","1019.00000000","39","29","1.5954897393440806","Higher in Classical"
"6838","SRRM4","84530","1174.69230769","389.31034483","39","29","1.5908169338011953","Higher in Classical"
"1692","CYP4F12","66002","50.41025641","16.20689655","39","29","1.5790692924079088","Higher in Classical"
"4800","OPLAH","26873","525.71794872","175.58620690","39","29","1.5766579634955262","Higher in Classical"
"4429","MYT1L","23040","159.28205128","474.34482759","39","29","-1.5683615834840574","Higher in Proneural"
"7264","TMEM163","81615","501.17948718","1482.93103448","39","29","-1.5631490401183545","Higher in Proneural"
"4204","MMP1","4312","24.00000000","72.72413793","39","29","-1.5602089527958987","Higher in Proneural"
"1536","CR1L","1379","0.48717949","3.37931034","39","29","-1.5581249110537185","Higher in Proneural"
"5943","RGL3","57139","317.33641026","107.21172414","39","29","1.5566953614352221","Higher in Classical"
"5838","RANBP17","64901","7.41025641","23.65517241","39","29","-1.5516686506023805","Higher in Proneural"
"7316","TMPRSS15","5651","4.25641026","0.79310345","39","29","1.551619157227622","Higher in Classical"
"7484","TRPM3","80036","148.58974359","50.03448276","39","29","1.5514669866105792","Higher in Classical"
"6381","SHROOM3","57619","1386.35897436","473.06896552","39","29","1.5491722717494734","Higher in Classical"
"4788","OLFML1","283298","299.66666667","101.86206897","39","29","1.5474538552796882","Higher in Classical"
"2624","GBP5","115362","296.12820513","100.89655172","39","29","1.5439803305380255","Higher in Classical"
"2994","HIST1H2BF","8343","1.46153846","6.17241379","39","29","-1.5428984414328535","Higher in Proneural"
"2620","GBP1","2633","5403.23076923","1854.20689655","39","29","1.542509193162528","Higher in Classical"
"3385","JPH1","56704","162.46153846","55.13793103","39","29","1.54190341873415","Higher in Classical"
"3236","IL5RA","3568","0.28205128","2.72413793","39","29","-1.5384525380309695","Higher in Proneural"
"506","ARSF","416","299.89743590","103.00000000","39","29","1.5326882844197163","Higher in Classical"
"2894","GZMB","3002","37.00000000","12.27586207","39","29","1.517193872876666","Higher in Classical"
"4738","NUP107","57122","1480.61538462","4233.61724138","39","29","-1.5150605888449118","Higher in Proneural"
"5915","REM1","28954","17.30769231","51.20689655","39","29","-1.5117904494606145","Higher in Proneural"
"7855","WNK2","65268","264.12512821","754.34068966","39","29","-1.5104540925033387","Higher in Proneural"
"1178","CDH16","1014","0.10256410","2.13793103","39","29","-1.508951110523882","Higher in Proneural"
"184","ADCY5","111","204.05128205","582.55172414","39","29","-1.5088757735184328","Higher in Proneural"
"1123","CD22","933","46.41025641","133.48275862","39","29","-1.5041501229685403","Higher in Proneural"
"6245","SEC14L5","9717","110.76923077","315.41379310","39","29","-1.5012894113706579","Higher in Proneural"
"669","BCL11B","64919","66.74358974","190.75862069","39","29","-1.501135094372064","Higher in Proneural"
"1371","CLEC3A","10143","5.05128205","1.13793103","39","29","1.5010255179598453","Higher in Classical"
"3431","KCNH8","131096","119.25641026","339.06896552","39","29","-1.4997135538026687","Higher in Proneural"
"6458","SLC1A6","6511","23.15384615","66.93103448","39","29","-1.4918178886384523","Higher in Proneural"
"3718","LAMA2","3908","2245.72717949","798.14206897","39","29","1.4913010395546458","Higher in Classical"
"5572","PPP1R16B","26051","487.94871795","1368.24137931","39","29","-1.4856217321472662","Higher in Proneural"
"3315","IRX6","79190","1.82051282","6.89655172","39","29","-1.4852652978134466","Higher in Proneural"
"5980","RIN1","9610","965.56410256","345.93103448","39","29","1.4782165134855494","Higher in Classical"
"1563","CRTAC1","55118","180.97358974","504.70965517","39","29","-1.474580239267968","Higher in Proneural"
"5498","PODNL1","79883","158.76923077","56.72413793","39","29","1.4687429653134825","Higher in Classical"
"5188","PCDHGA10","56106","487.82666667","1349.15827586","39","29","-1.4657336460180102","Higher in Proneural"
"6221","SCN9A","6335","82.12974359","228.35034483","39","29","-1.4641164097941157","Higher in Proneural"
"6653","SMCP","4184","0.10256410","2.03448276","39","29","-1.4605880916801282","Higher in Proneural"
"1440","CNTNAP5","129684","29.58974359","83.17241379","39","29","-1.4602994757565082","Higher in Proneural"
"5230","PDE10A","10846","131.94871795","364.27586207","39","29","-1.4581165565045813","Higher in Proneural"
"1439","CNTNAP4","85445","151.43589744","417.44827586","39","29","-1.4568466170938577","Higher in Proneural"
"2790","GPR179","440435","27.89743590","78.24137931","39","29","-1.455312506074982","Higher in Proneural"
"6795","SPOCK3","50859","327.20512821","898.82758621","39","29","-1.4550508154498196","Higher in Proneural"
"3445","KCNK3","3777","124.00000000","340.86206897","39","29","-1.45148626369805","Higher in Proneural"
"3789","LGR5","8549","79.94871795","219.89655172","39","29","-1.448290761147902","Higher in Proneural"
"5189","PCDHGA11","56105","504.39512821","185.08103448","39","29","1.4414807350763472","Higher in Classical"
"4794","ONECUT2","9480","132.15384615","358.27586207","39","29","-1.4319979097948086","Higher in Proneural"
"3140","IDO1","3620","80.82051282","29.51724138","39","29","1.4228380245324346","Higher in Classical"
"2954","HECW1","23072","87.83743590","236.95896552","39","29","-1.4214731532464142","Higher in Proneural"
"4769","OBSCN","84033","113.26358974","304.79275862","39","29","-1.4201884832096303","Higher in Proneural"
"3852","LPAR4","2846","51.46153846","139.27586207","39","29","-1.4189347578987634","Higher in Proneural"
"2123","ENPP2","5168","707.38461538","1891.72413793","39","29","-1.417859370198297","Higher in Proneural"
"5281","PEX5L","51555","59.64102564","160.96551724","39","29","-1.4173206337783297","Higher in Proneural"
"7973","ZFR2","23217","70.02564103","188.68965517","39","29","-1.417229150337607","Higher in Proneural"
"7673","UNC5C","8633","106.10256410","39.10344828","39","29","1.4171948227715137","Higher in Classical"
"2961","HEMGN","55363","2.02564103","7.06896552","39","29","-1.4151428923704537","Higher in Proneural"
"6201","SCG2","7857","13785.66666667","5177.72413793","39","29","1.4126050692829137","Higher in Classical"
"3047","HOXA2","3199","121.00000000","322.96551724","39","29","-1.40895911361122","Higher in Proneural"
"6817","SRCIN1","80725","562.61538462","1491.03448276","39","29","-1.4044979808936824","Higher in Proneural"
"6985","SYT13","57586","229.02564103","607.86206897","39","29","-1.404320750594057","Higher in Proneural"
"1711","DACH2","117154","20.58974359","55.96551724","39","29","-1.3997427720351336","Higher in Proneural"
"6502","SLC28A1","9154","55.71794872","20.55172414","39","29","1.396002066864065","Higher in Classical"
"7156","TGM5","9333","89.10256410","33.24137931","39","29","1.395827344719036","Higher in Classical"
"1732","DCAF4L2","138009","8.30769231","23.48275862","39","29","-1.3952706997324424","Higher in Proneural"
"5606","PRDM13","59336","56.58974359","20.93103448","39","29","1.3928380335693433","Higher in Classical"
"7823","WDR72","256764","13.84615385","4.65517241","39","29","1.392446310977934","Higher in Classical"
"5170","PCDHA8","56140","38.04230769","101.44379310","39","29","-1.3917223419781646","Higher in Proneural"
"7276","TMEM200A","114801","55.51282051","147.27586207","39","29","-1.3916336597220285","Higher in Proneural"
"7882","XKR4","114786","33.15384615","88.48275862","39","29","-1.3895616800585888","Higher in Proneural"
"952","CADM3","57863","2863.37461538","7485.17655172","39","29","-1.386008885843519","Higher in Proneural"
"5426","PLCH2","9651","122.97435897","322.34482759","39","29","-1.3830317667118874","Higher in Proneural"
"2962","HEPACAM2","253012","3.76923077","11.41379310","39","29","-1.3801155083218226","Higher in Proneural"
"6608","SLC9C2","284525","8.56410256","2.68965517","39","29","1.374143610444374","Higher in Classical"
"5921","REPS2","9185","194.66666667","505.37931034","39","29","-1.3718204576586601","Higher in Proneural"
"7136","TFAP2A","7020","261.39358974","677.89655172","39","29","-1.3714592821167355","Higher in Proneural"
"2485","FOXA1","3169","3.76923077","11.24137931","39","29","-1.3599376267450545","Higher in Proneural"
"1229","CELF4","56853","231.10256410","594.10344828","39","29","-1.3583780167936261","Higher in Proneural"
"2622","GBP3","2635","1575.97435897","614.20689655","39","29","1.3580156213183667","Higher in Classical"
"2175","ERBB2","2064","3386.56410256","1321.96551724","39","29","1.3564727880818852","Higher in Classical"
"4650","NPAP1","23742","0.30769231","2.34482759","39","29","-1.3549087230388792","Higher in Proneural"
"1190","CDH8","1006","50.35897436","130.27586207","39","29","-1.3539133724662242","Higher in Proneural"
"175","ADARB2","105","36.51282051","94.68965517","39","29","-1.350979225794151","Higher in Proneural"
"3087","HSD17B6","8630","347.33333333","135.89655172","39","29","1.3473824293742318","Higher in Classical"
"942","CACNA2D2","9254","127.23076923","325.13793103","39","29","-1.3467397604725597","Higher in Proneural"
"1534","CPXM2","119587","51.30769231","131.93103448","39","29","-1.345582931584161","Higher in Proneural"
"3430","KCNH7","90134","19.87179487","52.03448276","39","29","-1.3453760275914028","Higher in Proneural"
"3859","LPIN3","64900","157.10102564","61.55724138","39","29","1.337597926973191","Higher in Classical"
"6174","SAMD9L","219285","2740.43589744","1086.20689655","39","29","1.3343052269323836","Higher in Classical"
"1852","DLC1","10395","2978.46153846","1181.68965517","39","29","1.3329800724380612","Higher in Classical"
"3488","KHDRBS2","202559","7.35897436","20.03448276","39","29","-1.331358501872648","Higher in Proneural"
"4761","NXPH1","30010","829.30769231","2082.68965517","39","29","-1.3274224493812847","Higher in Proneural"
"4348","MUC4","4585","21.48717949","55.37931034","39","29","-1.3260631113724044","Higher in Proneural"
"3461","KCNV1","27012","35.92307692","13.75862069","39","29","1.3229648860396468","Higher in Classical"
"4717","NTN4","59277","220.00000000","549.58620690","39","29","-1.3169220988588017","Higher in Proneural"
"5705","PSPH","5723","5403.95230769","2175.16172414","39","29","1.3124961117072027","Higher in Classical"
"6361","SH3GL2","6456","435.38461538","1082.68965517","39","29","-1.312279513927009","Higher in Proneural"
"2788","GPR174","84636","2.41025641","7.44827586","39","29","-1.3087767269894637","Higher in Proneural"
"3723","LAMB3","3914","416.35897436","167.65517241","39","29","1.307212228724594","Higher in Classical"
"2849","GRIN3A","116443","39.97435897","100.17241379","39","29","-1.3040226865889242","Higher in Proneural"
"5233","PDE2A","5138","475.02564103","1174.37931034","39","29","-1.3040152173379504","Higher in Proneural"
"3759","LCN6","158062","8.29333333","2.76517241","39","29","1.303480226383546","Higher in Classical"
"3311","IRX1","79192","297.15384615","733.55172414","39","29","-1.3008071355853135","Higher in Proneural"
"828","C19orf18","147685","68.46153846","27.20689655","39","29","1.300166421581658","Higher in Classical"
"4202","MME","4311","16.94871795","43.13793103","39","29","-1.2981382065400937","Higher in Proneural"
"5156","PCDH20","64881","98.35897436","242.68965517","39","29","-1.294322822319769","Higher in Proneural"
"5368","PIP4K2C","79837","2394.25641026","5873.34482759","39","29","-1.2942478516535187","Higher in Proneural"
"3177","IGFN1","91156","211.35897436","85.68965517","39","29","1.292573329261837","Higher in Classical"
"4597","NLRP11","204801","9.87179487","25.62068966","39","29","-1.2919578069394972","Higher in Proneural"
"7284","TMEM229A","730130","174.48717949","70.68965517","39","29","1.2915287779683988","Higher in Classical"
"1433","CNTN4","152330","49.53846154","122.55172414","39","29","-1.2896614908812016","Higher in Proneural"
"1313","CHRM2","1129","2.64102564","7.89655172","39","29","-1.288901359389816","Higher in Proneural"
"7482","TRPM1","4308","0.51282051","2.68103448","39","29","-1.2828704356008638","Higher in Proneural"
"2195","ESPN","83715","36.76923077","90.82758621","39","29","-1.2817162219287512","Higher in Proneural"
"3057","HOXC9","3225","63.46153846","155.27586207","39","29","-1.2775844351792691","Higher in Proneural"
"3412","KCNB2","9312","7.84615385","20.37931034","39","29","-1.273093076390849","Higher in Proneural"
"279","ALDH1A3","220","263.16564103","108.42000000","39","29","1.271566372370774","Higher in Classical"
"7288","TMEM246","84302","197.87179487","478.89655172","39","29","-1.2708847672001724","Higher in Proneural"
"1822","DHRS2","10202","24.35897436","60.13793103","39","29","-1.2695713337084962","Higher in Proneural"
"6288","SEPT14","346288","628.28205128","1516.10344828","39","29","-1.2695407641687506","Higher in Proneural"
"2625","GBP7","388646","6.57512821","2.15206897","39","29","1.2649712040307008","Higher in Classical"
"2016","ECHDC2","55268","1504.97435897","629.51724138","39","29","1.256089480155077","Higher in Classical"
"1994","DYNC1I1","1780","411.30769231","982.41379310","39","29","-1.2540772127197277","Higher in Proneural"
"3181","IGSF1","3547","792.33333333","331.72413793","39","29","1.2536006353806524","Higher in Classical"
"1619","CTNNA3","29119","16.69333333","41.15620690","39","29","-1.252539193353615","Higher in Proneural"
"3447","KCNK5","8645","48.28205128","19.72413793","39","29","1.2497502163398415","Higher in Classical"
"5191","PCDHGA2","56113","284.35230769","119.11448276","39","29","1.2483341164078285","Higher in Classical"
"318","AMOTL2","51421","1666.97435897","3957.86206897","39","29","-1.2469886921475122","Higher in Proneural"
"6563","SLC4A4","8671","11408.41025641","4822.75862069","39","29","1.2419945995964885","Higher in Classical"
"3671","KRT84","3890","0.15384615","1.72413793","39","29","-1.2393488798436565","Higher in Proneural"
"5214","PCLO","27445","151.66666667","358.48275862","39","29","-1.2355374806817911","Higher in Proneural"
"2702","GLI2","2736","804.20512821","341.17241379","39","29","1.23463290725652","Higher in Classical"
"604","ATRNL1","26033","295.69230769","696.13793103","39","29","-1.2324766035874988","Higher in Proneural"
"4037","MARCH4","57574","92.10256410","217.24137931","39","29","-1.229031861375114","Higher in Proneural"
"3547","KIF21B","23046","1354.00000000","3171.48275862","39","29","-1.2273194719460814","Higher in Proneural"
"2342","FAP","2191","199.51282051","84.65517241","39","29","1.227082210283309","Higher in Classical"
"3512","KIAA1211L","343990","959.84615385","409.93103448","39","29","1.2254091616222373","Higher in Classical"
"3216","IL1RN","3557","86.97435897","204.55172414","39","29","-1.2243464712350123","Higher in Proneural"
"3744","LBP","3929","32.64102564","77.27586207","39","29","-1.2183458013566888","Higher in Proneural"
"7003","TACC3","10460","5448.25641026","2342.79310345","39","29","1.2172141547597015","Higher in Classical"
"5895","RBPJL","11317","0.87179487","3.34482759","39","29","-1.2148765909965447","Higher in Proneural"
"1121","CD207","50489","10.48717949","25.65517241","39","29","-1.2143909050436732","Higher in Proneural"
"7462","TRIM71","131405","5.33333333","13.68965517","39","29","-1.2137636128966731","Higher in Proneural"
"5728","PTGS1","5742","2766.76923077","1193.55172414","39","29","1.2122543360146842","Higher in Classical"
"2946","HEATR4","399671","13.27205128","5.18862069","39","29","1.2055028992471368","Higher in Classical"
"3117","HUNK","30811","305.41025641","703.48275862","39","29","-1.2010998096008554","Higher in Proneural"
"7880","XIRP2","129446","12.38461538","4.82758621","39","29","1.1996053352873446","Higher in Classical"
"7242","TMCO4","255104","684.00000000","297.34482759","39","29","1.199123222995448","Higher in Classical"
"1968","DSP","1832","220.51282051","95.68965517","39","29","1.1959567510663622","Higher in Classical"
"5140","PAX5","5079","1.64102564","5.03448276","39","29","-1.1921318092727564","Higher in Proneural"
"1550","CRHR2","1395","1.20512821","4.03448276","39","29","-1.1909810251193724","Higher in Proneural"
"1866","DMBX1","127343","24.25641026","56.58620690","39","29","-1.1890736966342426","Higher in Proneural"
"5117","PAPPA","5069","83.53846154","36.10344828","39","29","1.1880545852443913","Higher in Classical"
"6962","SVOPL","136306","12.17948718","4.79310345","39","29","1.1858859023072326","Higher in Classical"
"1691","CYP4F11","57834","257.33333333","112.58620690","39","29","1.1854461547790118","Higher in Classical"
"6153","S100A14","57402","9.82051282","3.75862069","39","29","1.185153508021426","Higher in Classical"
"3053","HOXB5","3215","68.53846154","29.62068966","39","29","1.1833043728557235","Higher in Classical"
"2995","HIST1H2BL","8340","1.46153846","4.58620690","39","29","-1.1823087276893998","Higher in Proneural"
"2033","EFCAB5","374786","8.30769231","20.06896552","39","29","-1.1786240553900245","Higher in Proneural"
"873","C3orf22","152065","0.12820513","1.55172414","39","29","-1.1774429696020283","Higher in Proneural"
"1693","CYP4F2","8529","4.76923077","1.55172414","39","29","1.176906600875991","Higher in Classical"
"2215","EVA1A","84141","28.97435897","66.75862069","39","29","-1.1766756065666573","Higher in Proneural"
"941","CACNA2D1","781","77.71794872","176.93103448","39","29","-1.1765536337290734","Higher in Proneural"
"1728","DCAF12L1","139170","0.10256410","1.48275862","39","29","-1.1710814734289654","Higher in Proneural"
"5141","PAX6","5080","1922.58974359","854.34482759","39","29","1.169223082027869","Higher in Classical"
"1431","CNTN2","6900","1689.38461538","3800.06896552","39","29","-1.1690536591765148","Higher in Proneural"
"2362","FBN3","84467","418.38461538","941.75862069","39","29","-1.1686144987174298","Higher in Proneural"
"6214","SCN3A","6328","979.84615385","2201.82758621","39","29","-1.1672578087647116","Higher in Proneural"
"572","ATP1A2","477","33186.23076923","14808.13793103","39","29","1.1641405911658589","Higher in Classical"
"2480","FOLH1B","219595","5.82051282","14.27586207","39","29","-1.1633016769932358","Higher in Proneural"
"5198","PCDHGA9","56107","1614.58256410","720.54655172","39","29","1.1628901006063952","Higher in Classical"
"6126","RTKN2","219790","214.66666667","481.82758621","39","29","-1.1627048948794465","Higher in Proneural"
"897","C6orf223","221416","14.58974359","33.89655172","39","29","-1.1624872847915368","Higher in Proneural"
"4540","NEUROD6","63974","14.46153846","33.58620690","39","29","-1.1615129227334304","Higher in Proneural"
"3904","LRRC56","115399","99.82051282","44.10344828","39","29","1.1604795569682143","Higher in Classical"
"5420","PLCB4","5332","111.25641026","249.82758621","39","29","-1.159898194980955","Higher in Proneural"
"6274","SEMA6B","10501","849.12820513","1898.44827586","39","29","-1.1598280952892919","Higher in Proneural"
"160","ADAMTS16","170690","12.84615385","29.89655172","39","29","-1.1579605481478328","Higher in Proneural"
"2693","GJC2","57165","123.92307692","277.68965517","39","29","-1.1576194420354597","Higher in Proneural"
"4666","NPR1","4881","359.20512821","160.55172414","39","29","1.1568225732548705","Higher in Classical"
"8070","ZNF385D","79750","187.58974359","83.58620690","39","29","1.1567568837929072","Higher in Classical"
"1960","DSC3","1825","4.30769231","10.82758621","39","29","-1.1559990321585172","Higher in Proneural"
"4016","MAP3K9","4293","41.28205128","93.13793103","39","29","-1.1547307761071268","Higher in Proneural"
"3745","LBX2","85474","21.70025641","9.21655172","39","29","1.1518002520328467","Higher in Classical"
"368","ANKS1B","56899","396.16256410","880.48275862","39","29","-1.1502027082205872","Higher in Proneural"
"2850","GRIN3B","116444","5.95615385","2.13586207","39","29","1.1494277369197412","Higher in Classical"
"6670","SMTNL2","342527","4.84615385","11.96551724","39","29","-1.1491200601441012","Higher in Proneural"
"3622","KNDC1","85442","925.12820513","418.17241379","39","29","1.1436681468487275","Higher in Classical"
"3582","KLF17","128209","37.38461538","16.41379310","39","29","1.1402977047966312","Higher in Classical"
"5019","OR7D2","162998","13.61538462","31.20689655","39","29","-1.1398818538591275","Higher in Proneural"
"1884","DNAH7","56171","260.10256410","117.51724138","39","29","1.139519673909743","Higher in Classical"
"5524","PON1","5444","10.70923077","4.31620690","39","29","1.1391771434041167","Higher in Classical"
"931","CACNA1A","773","367.17948718","808.06896552","39","29","-1.1358534337309536","Higher in Proneural"
"6943","SUMF2","25870","16412.05128205","7487.86206897","39","29","1.1320250459763819","Higher in Classical"
"4916","OR4N4","283694","0.45615385","2.19034483","39","29","-1.1315495752258484","Higher in Proneural"
"7471","TRIP6","7205","4835.82051282","2207.44827586","39","29","1.1310259591549832","Higher in Classical"
"5159","PCDHA1","56147","147.98615385","325.26379310","39","29","-1.130860635349216","Higher in Proneural"
"6794","SPOCK1","6695","1891.69230769","4142.10344828","39","29","-1.1302719499025524","Higher in Proneural"
"5443","PLEKHG1","57480","2104.30769231","963.75862069","39","29","1.1257911643995302","Higher in Classical"
"2270","FAM129A","116496","1999.38461538","916.31034483","39","29","1.1247955999534363","Higher in Classical"
"3425","KCNH1","3756","109.76923077","240.44827586","39","29","-1.1241569730904213","Higher in Proneural"
"4420","MYOD1","4654","0.28205128","1.79310345","39","29","-1.123415040042886","Higher in Proneural"
"7991","ZMAT4","79698","136.69230769","62.20689655","39","29","1.1232940786133303","Higher in Classical"
"6275","SEMA6D","80031","4705.38461538","2160.72413793","39","29","1.1224367958378954","Higher in Classical"
"4873","OR2L13","284521","7.10256410","16.62068966","39","29","-1.120819957348215","Higher in Proneural"
"4309","MST1L","11223","74.30769231","33.65517241","39","29","1.1197265407262667","Higher in Classical"
"4601","NLRP2","55655","45.38461538","20.37931034","39","29","1.1174310637948623","Higher in Classical"
"5427","PLCL1","5334","238.28205128","517.62068966","39","29","-1.1159675783406846","Higher in Proneural"
"6098","RPS6KA6","27330","13.56410256","30.51724138","39","29","-1.113724459727023","Higher in Proneural"
"2508","FREM1","158326","367.28205128","169.48275862","39","29","1.1111852442757226","Higher in Classical"
"6435","SLC13A5","284111","160.53846154","73.89655172","39","29","1.1089065018292406","Higher in Classical"
"4756","NXN","64359","585.38461538","1263.13793103","39","29","-1.108234727672797","Higher in Proneural"
"1532","CPXCR1","53336","1.89743590","0.34482759","39","29","1.1073555170259028","Higher in Classical"
"6234","SDC4","6385","4241.43589744","1974.51724138","39","29","1.10266242349972","Higher in Classical"
"6499","SLC27A1","376497","3554.64102564","1656.10344828","39","29","1.1014460095692373","Higher in Classical"
"1416","CNGB1","1258","2.07692308","5.58620690","39","29","-1.0979594554742955","Higher in Proneural"
"6675","SNAP91","9892","420.15384615","899.65517241","39","29","-1.096627515673719","Higher in Proneural"
"210","AFAP1L2","84632","958.05128205","2049.58620690","39","29","-1.096356530324009","Higher in Proneural"
"4595","NLRC5","84166","1583.58974359","740.13793103","39","29","1.0962954009665675","Higher in Classical"
"2082","ELF5","2001","10.56410256","4.41379310","39","29","1.0949416510359238","Higher in Classical"
"3150","IFITM3","10410","14870.71794872","6965.20689655","39","29","1.0941260872720262","Higher in Classical"
"2458","FLRT1","23769","269.20512821","575.72413793","39","29","-1.093826349749025","Higher in Proneural"
"1233","CELSR3","1951","943.01743590","2013.71620690","39","29","-1.0936912235472147","Higher in Proneural"
"737","BPIFC","254240","0.48717949","2.17241379","39","29","-1.0930021805157906","Higher in Proneural"
"1088","CCNA1","8900","58.84615385","126.55172414","39","29","-1.0917519630819097","Higher in Proneural"
"2288","FAM181A","90050","1191.74358974","558.65517241","39","29","1.0916738331126352","Higher in Classical"
"3908","LRRC7","57554","39.17948718","84.62068966","39","29","-1.0915003055013532","Higher in Proneural"
"5235","PDE3B","5140","180.66666667","385.65517241","39","29","-1.0897537833740365","Higher in Proneural"
"1009","CASZ1","54897","279.05128205","130.82758621","39","29","1.0870387328645412","Higher in Classical"
"1551","CRIM1","51232","2704.87179487","1274.24137931","39","29","1.0853231374661556","Higher in Classical"
"2577","GABRP","2568","0.82051282","2.86206897","39","29","-1.0850290283681174","Higher in Proneural"
"3300","IRF1","3659","1938.88666667","913.69275862","39","29","1.084613234006448","Higher in Classical"
"8214","ZPLD1","131368","2.94871795","0.86206897","39","29","1.084477811792148","Higher in Classical"
"4752","NWD1","284434","429.20512821","202.03448276","39","29","1.0832999511765367","Higher in Classical"
"97","ACOT12","134526","10.61538462","4.48275862","39","29","1.083063061781967","Higher in Classical"
"6741","SPAG17","200162","42.69230769","19.65517241","39","29","1.080876203890924","Higher in Classical"
"1475","COL4A6","1288","324.84615385","153.13793103","39","29","1.0799690349673061","Higher in Classical"
"1710","DACH1","1602","139.89743590","296.41379310","39","29","-1.077826199296681","Higher in Proneural"
"5616","PRICKLE4","29964","260.28307692","122.85724138","39","29","1.0769354665786706","Higher in Classical"
"948","CACNG6","59285","62.56410256","29.13793103","39","29","1.0766318629731393","Higher in Classical"
"2144","EPHA1","2041","8.51282051","3.51724138","39","29","1.0744311507007112","Higher in Classical"
"5978","RIMS1","22999","130.92307692","276.13793103","39","29","-1.0709072285277548","Higher in Proneural"
"6543","SLC39A12","221074","419.05692308","199.16137931","39","29","1.069421208502868","Higher in Classical"
"3360","ITPR3","3710","535.79897436","254.91034483","39","29","1.0687434474877116","Higher in Classical"
"3287","IQCA1","79781","315.76923077","150.37931034","39","29","1.0652641672453234","Higher in Classical"
"3661","KRT7","3855","35.35897436","16.41379310","39","29","1.062081016192172","Higher in Classical"
"4766","OAS2","4939","2311.64102564","1106.86206897","39","29","1.0617630701811294","Higher in Classical"
"4310","MST1R","4486","9.97435897","21.89655172","39","29","-1.0609936689914363","Higher in Proneural"
"3443","KCNK17","89822","2.17948718","5.62068966","39","29","-1.0581874148892167","Higher in Proneural"
"3007","HLA-B","3106","56062.34051282","26924.31827586","39","29","1.0580943108445298","Higher in Classical"
"6009","RNF144A","9781","1204.23076923","2507.31034483","39","29","-1.057406448859004","Higher in Proneural"
"2088","ELMO1","9844","1937.94871795","4031.03448276","39","29","-1.0562333301008802","Higher in Proneural"
"5401","PKP2","5318","36.35897436","76.65517241","39","29","-1.0556271736398954","Higher in Proneural"
"6629","SLITRK6","84189","4.28205128","9.96551724","39","29","-1.05380365221446","Higher in Proneural"
"6401","SIPA1L1","26037","4434.61538462","2136.65517241","39","29","1.0531051247582588","Higher in Classical"
"236","AHNAK2","113146","738.30769231","356.17241379","39","29","1.0495542660773927","Higher in Classical"
"7662","ULBP1","80329","57.53846154","120.10344828","39","29","-1.048783209056415","Higher in Proneural"
"3333","ITGA7","3679","11145.07692308","5401.62068966","39","29","1.0448047140598662","Higher in Classical"
"1958","DSC1","1823","0.85128205","2.81758621","39","29","-1.044136024668828","Higher in Proneural"
"3105","HTR1D","3352","57.92307692","27.58620690","39","29","1.0435135671664282","Higher in Classical"
"5712","PTCH2","8643","394.46153846","190.96551724","39","29","1.0426902058760268","Higher in Classical"
"3869","LRIG3","121227","548.64102564","265.96551724","39","29","1.0418362846889604","Higher in Classical"
"5446","PLEKHG4B","153478","68.07692308","140.93103448","39","29","-1.0389143550753774","Higher in Proneural"
"466","ARHGEF26","26084","3906.00000000","1902.65517241","39","29","1.0372890826049814","Higher in Classical"
"895","C6orf203","51250","488.12820513","1001.93103448","39","29","-1.0359378400450132","Higher in Proneural"
"3764","LDLR","3949","1681.69230769","820.03448276","39","29","1.0352566733186894","Higher in Classical"
"1070","CCDC85A","114800","77.14871795","159.09310345","39","29","-1.0346170494954412","Higher in Proneural"
"224","AGMO","392636","347.69230769","169.24137931","39","29","1.0343727931249445","Higher in Classical"
"5796","RAB11FIP4","84440","670.17948718","1371.68965517","39","29","-1.0322349609201578","Higher in Proneural"
"7525","TTC12","54970","282.97435897","138.17241379","39","29","1.0288873954984348","Higher in Classical"
"820","C17orf102","400591","10.51282051","22.48275862","39","29","-1.0283605773175792","Higher in Proneural"
"1187","CDH4","1002","1181.07692308","579.00000000","39","29","1.0271991158946598","Higher in Classical"
"1437","CNTNAP2","26047","375.94871795","766.37931034","39","29","-1.025571603151122","Higher in Proneural"
"1300","CHL1","10752","9928.25487179","4878.86172414","39","29","1.0248451884833252","Higher in Classical"
"1875","DNAAF1","123872","51.76923077","25.03448276","39","29","1.019273208891651","Higher in Classical"
"1870","DMRTA1","63951","38.48717949","18.48275862","39","29","1.0191863546989979","Higher in Classical"
"668","BCL11A","53335","171.71794872","348.96551724","39","29","-1.0187947631603953","Higher in Proneural"
"703","BLK","640","0.97435897","3.00000000","39","29","-1.0186156813525178","Higher in Proneural"
"2450","FLG","2312","20.81820513","43.18275862","39","29","-1.017951074895835","Higher in Proneural"
"2359","FBLN7","129804","730.38461538","360.24137931","39","29","1.0176671205706902","Higher in Classical"
"6715","SORCS3","22986","293.94871795","595.37931034","39","29","-1.0157660701102673","Higher in Proneural"
"2149","EPHA7","2045","64.87179487","132.10344828","39","29","-1.014815181074032","Higher in Proneural"
"718","BMPR1B","658","1518.05128205","751.37931034","39","29","1.013638493097763","Higher in Classical"
"6215","SCN3B","55800","658.58974359","1330.48275862","39","29","-1.0133928765869469","Higher in Proneural"
"7130","TEX14","56155","19.69230769","40.75862069","39","29","-1.0129795103237034","Higher in Proneural"
"4805","OPRD1","4985","2.43589744","5.93103448","39","29","-1.0123837221581664","Higher in Proneural"
"2423","FGF21","26291","0.17948718","1.37931034","39","29","-1.0123837209009323","Higher in Proneural"
"2712","GLT8D2","83468","97.66666667","47.93103448","39","29","1.0118129861046012","Higher in Classical"
"3934","LTF","4057","14734.51282051","7321.03448276","39","29","1.0089807964654733","Higher in Classical"
"714","BMP5","653","27.07692308","12.96551724","39","29","1.0075158332827783","Higher in Classical"
"433","ARAP2","116984","2495.79487179","1240.93103448","39","29","1.0074922375354052","Higher in Classical"
"3998","MAOB","4129","11041.46153846","5494.51724138","39","29","1.0067346273946145","Higher in Classical"
"2701","GLI1","2735","269.00000000","133.44827586","39","29","1.0059081528032172","Higher in Classical"
"6262","SELE","6401","12.56410256","5.75862069","39","29","1.0049928437538773","Higher in Classical"
"7000","TAB3","257397","1691.46153846","842.31034483","39","29","1.004987491526816","Higher in Classical"
"6311","SERPING1","710","10061.17948718","5015.48275862","39","29","1.0041947325327414","Higher in Classical"
"5936","RFX2","5990","1313.61538462","655.51724138","39","29","1.0017359691467564","Higher in Classical"
